{
    "minecraft:badlands": 0.00958760249891518,
    "minecraft:bamboo_jungle": 0.006432005385522716,
    "minecraft:beach": 0.023398297915825022,
    "minecraft:birch_forest": 0.021360327198578957,
    "minecraft:cold_ocean": 0.0447924018032419,
    "minecraft:dark_forest": 0.02004096350623753,
    "minecraft:deep_cold_ocean": 0.023962538636050093,
    "minecraft:deep_frozen_ocean": 0.012867202949623539,
    "minecraft:deep_lukewarm_ocean": 0.024040028092523362,
    "minecraft:deep_ocean": 0.03608419855839358,
    "minecraft:desert": 0.025501920590873653,
    "minecraft:eroded_badlands": 0.0032286688100660833,
    "minecraft:flower_forest": 0.0062343600980813785,
    "minecraft:forest": 0.11901862507832973,
    "minecraft:frozen_ocean": 0.02405224810931806,
    "minecraft:frozen_peaks": 0.0017720061872918635,
    "minecraft:frozen_river": 0.008855615217912808,
    "minecraft:grove": 0.008353645319542302,
    "minecraft:ice_spikes": 0.0023866749184455072,
    "minecraft:jagged_peaks": 0.0017759148862622628,
    "minecraft:jungle": 0.020769890989404703,
    "minecraft:lukewarm_ocean": 0.04493725034882311,
    "minecraft:meadow": 0.014250850104478449,
    "minecraft:mushroom_fields": 0.0014958711100781644,
    "minecraft:ocean": 0.06745103034049621,
    "minecraft:old_growth_birch_forest": 0.020386387848612908,
    "minecraft:old_growth_pine_taiga": 0.006800087283657962,
    "minecraft:old_growth_spruce_taiga": 0.006508573612461055,
    "minecraft:plains": 0.10340460880734428,
    "minecraft:river": 0.060703401260387244,
    "minecraft:savanna": 0.03952936977848219,
    "minecraft:savanna_plateau": 0.003954891904315958,
    "minecraft:snowy_beach": 0.003580476034857512,
    "minecraft:snowy_plains": 0.029564262754625373,
    "minecraft:snowy_slopes": 0.0043155567776787095,
    "minecraft:snowy_taiga": 0.02478359142034562,
    "minecraft:sparse_jungle": 0.01380025115386186,
    "minecraft:stony_peaks": 0.0011697642742906523,
    "minecraft:stony_shore": 0.012666157896465297,
    "minecraft:sunflower_plains": 0.006442051314864874,
    "minecraft:swamp": 0.01768454004780147,
    "minecraft:taiga": 0.03422001595776445,
    "minecraft:warm_ocean": 0.022873912798111733,
    "minecraft:windswept_forest": 0.0020651159939905914,
    "minecraft:windswept_gravelly_hills": 0.0010537691521375705,
    "minecraft:windswept_hills": 0.0028996677013790224,
    "minecraft:windswept_savanna": 0.002290073616147408,
    "minecraft:wooded_badlands": 0.0066533339561000845
}